mode,k,strategy,delta
MSE,1,random,3.7879999999999994
MSE,2,random,6.9399999999999995
MSE,1,greedy,3.9999999999999996
MSE,2,greedy,6.9399999999999995
MCE,1,random,3.4699999999999998
MCE,2,random,6.9399999999999995
MCE,1,greedy,3.9999999999999996
MCE,2,greedy,6.9399999999999995
MSE,1,random,3.4699999999999998
MSE,2,random,6.9399999999999995
MSE,1,greedy,3.9999999999999996
MSE,2,greedy,6.9399999999999995
MCE,1,random,3.2948417919999984
MCE,2,random,6.518262687999998
MCE,3,random,9.707104479999998
MCE,1,greedy,3.9999999999999982
MCE,2,greedy,6.939999999999999
MCE,3,greedy,9.707104479999998
MSE,1,random,3.4699999999999998
MSE,2,random,6.9399999999999995
MSE,1,greedy,3.9999999999999996
MSE,2,greedy,6.9399999999999995
MCE,1,random,3.183947999999999
MCE,2,random,6.2893783999999995
MCE,3,random,9.954855999999998
MCE,4,random,13.605175999999997
MCE,1,greedy,4.0
MCE,2,greedy,7.841599999999999
MCE,3,greedy,10.7816
MCE,4,greedy,13.605175999999998
MSE,1,random,3.5759999999999996
MSE,2,random,6.9399999999999995
MSE,1,greedy,3.9999999999999996
MSE,2,greedy,6.9399999999999995
MCE,1,random,3.294145599999999
MCE,2,random,6.316860799999999
MCE,3,random,9.763575999999999
MCE,1,greedy,3.999999999999999
MCE,2,greedy,6.9399999999999995
MCE,3,greedy,9.763575999999999
MSE,1,random,4.0
MSE,1,greedy,4.0
MCE,1,random,4.0
MCE,1,greedy,4.0
MSE,1,random,3.5759999999999996
MSE,2,random,6.9399999999999995
MSE,1,greedy,3.9999999999999996
MSE,2,greedy,6.9399999999999995
MCE,1,random,2.870675668135136
MCE,2,random,6.372771573619188
MCE,3,random,9.550088064639262
MCE,4,random,12.812667827290346
MCE,1,greedy,3.9999999999999982
MCE,2,greedy,7.268291227550186
MCE,3,greedy,10.208291227550186
MCE,4,greedy,12.812667827290346
MSE,1,random,4.0
MSE,1,greedy,4.0
MCE,1,random,4.0
MCE,1,greedy,4.0
MSE,1,random,3.6819999999999995
MSE,2,random,6.9399999999999995
MSE,1,greedy,3.9999999999999996
MSE,2,greedy,6.9399999999999995
MCE,1,random,3.3846097279999996
MCE,2,random,6.447344992
MCE,3,random,10.130544383999998
MCE,4,random,13.453048639999997
MCE,1,greedy,4.0
MCE,2,greedy,7.689472639999999
MCE,3,greedy,10.62947264
MCE,4,greedy,13.453048639999999
MSE,1,random,3.3639999999999994
MSE,2,random,6.9399999999999995
MSE,1,greedy,3.9999999999999996
MSE,2,greedy,6.9399999999999995
MCE,1,random,3.211430399999999
MCE,2,random,6.293575999999999
MCE,3,random,9.763575999999999
MCE,1,greedy,3.999999999999999
MCE,2,greedy,6.9399999999999995
MCE,3,greedy,9.763575999999999
MSE,1,random,4.0
MSE,1,greedy,4.0
MCE,1,random,4.0
MCE,1,greedy,4.0
MSE,1,random,3.6819999999999995
MSE,2,random,6.9399999999999995
MSE,1,greedy,3.9999999999999996
MSE,2,greedy,6.9399999999999995
MCE,1,random,3.4467151999999985
MCE,2,random,6.104860799999999
MCE,3,random,9.763575999999999
MCE,1,greedy,3.999999999999999
MCE,2,greedy,6.9399999999999995
MCE,3,greedy,9.763575999999999
MSE,1,random,4.0
MSE,1,greedy,4.0
MCE,1,random,3.73625106649344
MCE,2,random,7.47250213298688
MCE,1,greedy,4.0
MCE,2,greedy,7.47250213298688
MSE,1,random,3.6819999999999995
MSE,2,random,6.9399999999999995
MSE,1,greedy,3.9999999999999996
MSE,2,greedy,6.9399999999999995
MCE,1,random,3.1054303999999995
MCE,2,random,6.116503199999999
MCE,3,random,9.763575999999999
MCE,1,greedy,3.999999999999999
MCE,2,greedy,6.9399999999999995
MCE,3,greedy,9.763575999999999
MSE,1,random,3.3639999999999994
MSE,2,random,6.9399999999999995
MSE,1,greedy,3.9999999999999996
MSE,2,greedy,6.9399999999999995
MCE,1,random,3.2493891046911996
MCE,2,random,6.7974314664192
MCE,3,random,10.008861866419199
MCE,4,random,13.306945523456
MCE,1,greedy,4.0
MCE,2,greedy,7.543369523456
MCE,3,greedy,10.483369523456
MCE,4,greedy,13.306945523456
MSE,1,random,3.5759999999999996
MSE,2,random,6.9399999999999995
MSE,1,greedy,3.9999999999999996
MSE,2,greedy,6.9399999999999995
MCE,1,random,3.5168375999999997
MCE,2,random,6.7867479999999984
MCE,3,random,10.002375999999998
MCE,4,random,13.605175999999997
MCE,1,greedy,4.0
MCE,2,greedy,7.841599999999999
MCE,3,greedy,10.7816
MCE,4,greedy,13.605175999999998
MSE,1,random,3.257999999999999
MSE,2,random,6.9399999999999995
MSE,1,greedy,3.9999999999999996
MSE,2,greedy,6.9399999999999995
MCE,1,random,3.2261043046911992
MCE,2,random,6.877115161728
MCE,3,random,9.876545561728
MCE,4,random,13.306945523456
MCE,1,greedy,4.0
MCE,2,greedy,7.543369523456
MCE,3,greedy,10.483369523456
MCE,4,greedy,13.306945523456
MSE,1,random,4.0
MSE,1,greedy,4.0
MCE,1,random,3.560974736530112
MCE,2,random,7.2682912275501845
MCE,1,greedy,3.9999999999999996
MCE,2,greedy,7.268291227550186
MSE,1,random,3.4699999999999998
MSE,2,random,6.9399999999999995
MSE,1,greedy,3.9999999999999996
MSE,2,greedy,6.9399999999999995
MCE,1,random,3.372967328
MCE,2,random,6.718756384
MCE,3,random,9.974081312
MCE,4,random,13.453048639999997
MCE,1,greedy,4.0
MCE,2,greedy,7.689472639999999
MCE,3,greedy,10.62947264
MCE,4,greedy,13.453048639999999
MSE,1,random,4.0
MSE,1,greedy,4.0
MCE,1,random,3.9059072
MCE,2,random,7.764768000000001
MCE,1,greedy,4.0
MCE,2,greedy,7.764768
MSE,1,random,3.4699999999999998
MSE,2,random,6.9399999999999995
MSE,1,greedy,3.9999999999999996
MSE,2,greedy,6.9399999999999995
MCE,1,random,3.1054303999999986
MCE,2,random,6.658145599999999
MCE,3,random,9.763575999999999
MCE,1,greedy,3.999999999999999
MCE,2,greedy,6.9399999999999995
MCE,3,greedy,9.763575999999999
MSE,1,random,4.0
MSE,1,greedy,4.0
MCE,1,random,3.875789056
MCE,2,random,7.689472640000001
MCE,1,greedy,4.0
MCE,2,greedy,7.68947264
MSE,1,random,3.6819999999999995
MSE,2,random,6.9399999999999995
MSE,1,greedy,3.9999999999999996
MSE,2,greedy,6.9399999999999995
MCE,1,random,3.2591993919999993
MCE,2,random,6.51452432
MCE,3,random,10.012901983999999
MCE,4,random,13.453048639999997
MCE,1,greedy,4.0
MCE,2,greedy,7.689472639999999
MCE,3,greedy,10.62947264
MCE,4,greedy,13.453048639999999
MSE,1,random,4.0
MSE,1,greedy,4.0
MCE,1,random,3.9068417920000003
MCE,2,random,7.689472640000001
MCE,1,greedy,4.0
MCE,2,greedy,7.68947264
MSE,1,random,3.6819999999999995
MSE,2,random,6.9399999999999995
MSE,1,greedy,3.9999999999999996
MSE,2,greedy,6.9399999999999995
MCE,1,random,3.435420895999999
MCE,2,random,6.412262687999998
MCE,3,random,9.707104479999998
MCE,1,greedy,3.9999999999999982
MCE,2,greedy,6.939999999999999
MCE,3,greedy,9.707104479999998
MSE,1,random,3.4699999999999998
MSE,2,random,6.9399999999999995
MSE,1,greedy,3.9999999999999996
MSE,2,greedy,6.9399999999999995
MCE,1,random,3.1586806132986878
MCE,2,random,6.830039066493439
MCE,3,random,10.312682319688191
MCE,4,random,13.23607813298688
MCE,1,greedy,4.0
MCE,2,greedy,7.47250213298688
MCE,3,greedy,10.41250213298688
MCE,4,greedy,13.23607813298688
MSE,1,random,4.0
MSE,1,greedy,4.0
MCE,1,random,3.6307514930908162
MCE,2,random,7.47250213298688
MCE,1,greedy,4.0
MCE,2,greedy,7.47250213298688
MSE,1,random,3.4699999999999998
MSE,2,random,6.9399999999999995
MSE,1,greedy,3.9999999999999996
MSE,2,greedy,6.9399999999999995
MCE,1,random,3.0459999999999994
MCE,2,random,6.9399999999999995
MCE,1,greedy,3.9999999999999996
MCE,2,greedy,6.9399999999999995
MSE,1,random,3.4699999999999998
MSE,2,random,6.9399999999999995
MSE,1,greedy,3.9999999999999996
MSE,2,greedy,6.9399999999999995
MCE,1,random,3.2061313439999983
MCE,2,random,6.589683583999998
MCE,3,random,9.707104479999998
MCE,1,greedy,3.9999999999999982
MCE,2,greedy,6.939999999999999
MCE,3,greedy,9.707104479999998
MSE,1,random,3.6819999999999995
MSE,2,random,6.9399999999999995
MSE,1,greedy,3.9999999999999996
MSE,2,greedy,6.9399999999999995
MCE,1,random,3.399195199999999
MCE,2,random,6.461303199999999
MCE,3,random,9.896375999999998
MCE,4,random,13.605175999999997
MCE,1,greedy,4.0
MCE,2,greedy,7.841599999999999
MCE,3,greedy,10.7816
MCE,4,greedy,13.605175999999998
MSE,1,random,3.3639999999999994
MSE,2,random,6.9399999999999995
MSE,1,greedy,3.9999999999999996
MSE,2,greedy,6.9399999999999995
MCE,1,random,3.1054303999999995
MCE,2,random,6.681430399999999
MCE,3,random,9.763575999999999
MCE,1,greedy,3.999999999999999
MCE,2,greedy,6.9399999999999995
MCE,3,greedy,9.763575999999999
MSE,1,random,4.0
MSE,1,greedy,4.0
MCE,1,random,4.0
MCE,1,greedy,4.0
MSE,1,random,3.5759999999999996
MSE,2,random,6.9399999999999995
MSE,1,greedy,3.9999999999999996
MSE,2,greedy,6.9399999999999995
MCE,1,random,3.6850315046912003
MCE,2,random,6.455240114073599
MCE,3,random,10.0808412187648
MCE,4,random,13.306945523456
MCE,1,greedy,4.0
MCE,2,greedy,7.543369523456
MCE,3,greedy,10.483369523456
MCE,4,greedy,13.306945523456
MSE,1,random,3.6819999999999995
MSE,2,random,6.9399999999999995
MSE,1,greedy,3.9999999999999996
MSE,2,greedy,6.9399999999999995
MCE,1,random,3.2230727999999997
MCE,2,random,6.7934934093824
MCE,3,random,10.1032194664192
MCE,4,random,13.306945523456
MCE,1,greedy,4.0
MCE,2,greedy,7.543369523456
MCE,3,greedy,10.483369523456
MCE,4,greedy,13.306945523456
MSE,1,random,3.0459999999999994
MSE,2,random,6.9399999999999995
MSE,1,greedy,3.9999999999999996
MSE,2,greedy,6.9399999999999995
MCE,1,random,3.6386776
MCE,2,random,7.143872799999999
MCE,3,random,10.2919432
MCE,4,random,13.605175999999997
MCE,1,greedy,4.0
MCE,2,greedy,7.841599999999999
MCE,3,greedy,10.7816
MCE,4,greedy,13.605175999999998
MSE,1,random,3.4699999999999998
MSE,2,random,6.9399999999999995
MSE,1,greedy,3.9999999999999996
MSE,2,greedy,6.9399999999999995
MCE,1,random,3.5527151999999993
MCE,2,random,6.563788
MCE,3,random,9.763575999999999
MCE,1,greedy,3.999999999999999
MCE,2,greedy,6.9399999999999995
MCE,3,greedy,9.763575999999999
MSE,1,random,3.4699999999999998
MSE,2,random,6.9399999999999995
MSE,1,greedy,3.9999999999999996
MSE,2,greedy,6.9399999999999995
MCE,1,random,3.1287151999999994
MCE,2,random,6.919113983999999
MCE,3,random,10.272670975999997
MCE,4,random,13.453048639999997
MCE,1,greedy,4.0
MCE,2,greedy,7.689472639999999
MCE,3,greedy,10.62947264
MCE,4,greedy,13.453048639999999
MSE,1,random,3.5759999999999996
MSE,2,random,6.9399999999999995
MSE,1,greedy,3.9999999999999996
MSE,2,greedy,6.9399999999999995
MCE,1,random,3.4180158455100362
MCE,2,random,6.487234259285129
MCE,3,random,9.905250104795167
MCE,4,random,13.031867227550185
MCE,1,greedy,3.9999999999999982
MCE,2,greedy,7.268291227550185
MCE,3,greedy,10.208291227550186
MCE,4,greedy,13.031867227550185
MSE,1,random,3.575999999999999
MSE,2,random,6.9399999999999995
MSE,1,greedy,3.9999999999999996
MSE,2,greedy,6.9399999999999995
MCE,1,random,3.2747352639999994
MCE,2,random,6.670987391999999
MCE,3,random,9.970206847999998
MCE,4,random,13.453048639999997
MCE,1,greedy,4.0
MCE,2,greedy,7.689472639999999
MCE,3,greedy,10.62947264
MCE,4,greedy,13.453048639999999
MSE,1,random,3.6819999999999995
MSE,2,random,6.9399999999999995
MSE,1,greedy,3.9999999999999996
MSE,2,greedy,6.9399999999999995
MCE,1,random,3.1499884270981418
MCE,2,random,6.5600292451635696
MCE,3,random,9.852692054196284
MCE,4,random,13.16662809032714
MCE,1,greedy,4.0
MCE,2,greedy,7.403052090327141
MCE,3,greedy,10.343052090327141
MCE,4,greedy,13.16662809032714
MSE,1,random,3.257999999999999
MSE,2,random,6.9399999999999995
MSE,1,greedy,3.9999999999999996
MSE,2,greedy,6.9399999999999995
MCE,1,random,3.5186945523455995
MCE,2,random,6.3207988570368
MCE,3,random,9.698566209382403
MCE,4,random,13.306945523456
MCE,1,greedy,4.0
MCE,2,greedy,7.543369523456
MCE,3,greedy,10.483369523456
MCE,4,greedy,13.306945523456
MSE,1,random,3.5759999999999996
MSE,2,random,6.9399999999999995
MSE,1,greedy,3.9999999999999996
MSE,2,greedy,6.9399999999999995
MCE,1,random,3.172609728
MCE,2,random,6.59723952
MCE,3,random,10.272670975999999
MCE,4,random,13.453048639999997
MCE,1,greedy,4.0
MCE,2,greedy,7.689472639999999
MCE,3,greedy,10.62947264
MCE,4,greedy,13.453048639999999
MSE,1,random,4.0
MSE,1,greedy,4.0
MCE,1,random,4.0
MCE,1,greedy,4.0
MSE,1,random,3.4699999999999998
MSE,2,random,6.9399999999999995
MSE,1,greedy,3.9999999999999996
MSE,2,greedy,6.9399999999999995
MCE,1,random,3.4156624639999995
MCE,2,random,6.545577055999999
MCE,3,random,10.174438911999996
MCE,4,random,13.453048639999997
MCE,1,greedy,4.0
MCE,2,greedy,7.689472639999999
MCE,3,greedy,10.62947264
MCE,4,greedy,13.453048639999999
MSE,1,random,3.4699999999999998
MSE,2,random,6.9399999999999995
MSE,1,greedy,3.9999999999999996
MSE,2,greedy,6.9399999999999995
MCE,1,random,3.6198945280000006
MCE,2,random,6.456864521280001
MCE,3,random,9.85016426336
MCE,4,random,13.3412350304
MCE,1,greedy,4.0
MCE,2,greedy,7.68947264
MCE,3,greedy,10.62947264
MCE,4,greedy,13.3412350304
MSE,1,random,3.4699999999999998
MSE,2,random,6.9399999999999995
MSE,1,greedy,3.9999999999999996
MSE,2,greedy,6.9399999999999995
MCE,1,random,3.3255784361308565
MCE,2,random,6.240282063228999
MCE,3,random,10.120892481294428
MCE,4,random,13.16662809032714
MCE,1,greedy,4.0
MCE,2,greedy,7.403052090327141
MCE,3,greedy,10.343052090327141
MCE,4,greedy,13.16662809032714
MSE,1,random,4.0
MSE,1,greedy,4.0
MCE,1,random,3.91388668949392
MCE,2,random,7.1388668949392
MCE,1,greedy,4.0
MCE,2,greedy,7.138866894939199
MSE,1,random,3.4699999999999998
MSE,2,random,6.9399999999999995
MSE,1,greedy,3.9999999999999996
MSE,2,greedy,6.9399999999999995
MCE,1,random,3.1687352639999995
MCE,2,random,6.7265243199999984
MCE,3,random,10.080081311999999
MCE,4,random,13.453048639999997
MCE,1,greedy,4.0
MCE,2,greedy,7.689472639999999
MCE,3,greedy,10.62947264
MCE,4,greedy,13.453048639999999
MSE,1,random,3.257999999999999
MSE,2,random,6.9399999999999995
MSE,1,greedy,3.9999999999999996
MSE,2,greedy,6.9399999999999995
MCE,1,random,3.1403575999999993
MCE,2,random,6.5521456
MCE,3,random,9.763575999999999
MCE,1,greedy,3.999999999999999
MCE,2,greedy,6.9399999999999995
MCE,3,greedy,9.763575999999999
MSE,1,random,3.3639999999999994
MSE,2,random,6.9399999999999995
MSE,1,greedy,3.9999999999999996
MSE,2,greedy,6.9399999999999995
MCE,1,random,3.6111952
MCE,2,random,6.684945599999999
MCE,3,random,10.0957832
MCE,4,random,13.605175999999997
MCE,1,greedy,4.0
MCE,2,greedy,7.841599999999999
MCE,3,greedy,10.7816
MCE,4,greedy,13.605175999999998
MSE,1,random,3.258
MSE,2,random,6.9399999999999995
MSE,1,greedy,3.9999999999999996
MSE,2,greedy,6.9399999999999995
MCE,1,random,3.39213097898784
MCE,2,random,6.529090468481759
MCE,3,random,9.70242522645744
MCE,4,random,12.902442894939199
MCE,1,greedy,4.0
MCE,2,greedy,7.138866894939199
MCE,3,greedy,10.0788668949392
MCE,4,greedy,12.902442894939199
MSE,1,random,3.1519999999999997
MSE,2,random,6.9399999999999995
MSE,1,greedy,3.9999999999999996
MSE,2,greedy,6.9399999999999995
MCE,1,random,3.4449680180654285
MCE,2,random,6.604851663228999
MCE,3,random,9.935671645163572
MCE,4,random,13.16662809032714
MCE,1,greedy,4.0
MCE,2,greedy,7.403052090327141
MCE,3,greedy,10.343052090327141
MCE,4,greedy,13.16662809032714
MSE,1,random,3.7879999999999994
MSE,2,random,6.9399999999999995
MSE,1,greedy,3.9999999999999996
MSE,2,greedy,6.9399999999999995
MCE,1,random,3.1498003481871035
MCE,2,random,6.2735509880831675
MCE,3,random,9.483696601858261
MCE,4,random,12.812667827290346
MCE,1,greedy,3.9999999999999982
MCE,2,greedy,7.268291227550186
MCE,3,greedy,10.208291227550186
MCE,4,greedy,12.812667827290346
MSE,1,random,4.0
MSE,1,greedy,4.0
MCE,1,random,4.0
MCE,1,greedy,4.0
MSE,1,random,4.0
MSE,1,greedy,4.0
MCE,1,random,3.96832
MCE,2,random,7.8416
MCE,1,greedy,4.0
MCE,2,greedy,7.8416
MSE,1,random,3.5759999999999996
MSE,2,random,6.9399999999999995
MSE,1,greedy,3.9999999999999996
MSE,2,greedy,6.9399999999999995
MCE,1,random,3.2230727999999997
MCE,2,random,6.658145599999999
MCE,3,random,9.763575999999999
MCE,1,greedy,3.999999999999999
MCE,2,greedy,6.9399999999999995
MCE,3,greedy,9.763575999999999
MSE,1,random,3.4699999999999998
MSE,2,random,6.9399999999999995
MSE,1,greedy,3.9999999999999996
MSE,2,greedy,6.9399999999999995
MCE,1,random,3.0915959376366344
MCE,2,random,6.5062262727955895
MCE,3,random,9.465529670132309
MCE,4,random,12.800452545591181
MCE,1,greedy,3.9999999999999982
MCE,2,greedy,7.202925402999181
MCE,3,greedy,10.142925402999182
MCE,4,greedy,12.800452545591181
MSE,1,random,4.0
MSE,1,greedy,4.0
MCE,1,random,4.0
MCE,1,greedy,4.0
MSE,1,random,3.4699999999999998
MSE,2,random,6.9399999999999995
MSE,1,greedy,3.9999999999999996
MSE,2,greedy,6.9399999999999995
MCE,1,random,3.2930009527787
MCE,2,random,6.263019923777721
MCE,3,random,9.65201455289008
MCE,4,random,12.932518191112598
MCE,1,greedy,4.0
MCE,2,greedy,7.3349910485206
MCE,3,greedy,10.2749910485206
MCE,4,greedy,12.9325181911126
MSE,1,random,4.0
MSE,1,greedy,4.0
MCE,1,random,3.73399641940824
MCE,2,random,7.334991048520601
MCE,1,greedy,4.0
MCE,2,greedy,7.3349910485206
MSE,1,random,4.0
MSE,1,greedy,4.0
MCE,1,random,4.0
MCE,1,greedy,4.0
MSE,1,random,4.0
MSE,1,greedy,4.0
MCE,1,random,3.683501279792128
MCE,2,random,7.47250213298688
MCE,1,greedy,4.0
MCE,2,greedy,7.47250213298688
MSE,1,random,3.575999999999999
MSE,2,random,6.9399999999999995
MSE,1,greedy,3.9999999999999996
MSE,2,greedy,6.9399999999999995
MCE,1,random,3.1403575999999993
MCE,2,random,6.411218399999998
MCE,3,random,9.763575999999999
MCE,1,greedy,3.999999999999999
MCE,2,greedy,6.9399999999999995
MCE,3,greedy,9.763575999999999
MSE,1,random,3.4699999999999998
MSE,2,random,6.9399999999999995
MSE,1,greedy,3.9999999999999996
MSE,2,greedy,6.9399999999999995
MCE,1,random,3.235716053194752
MCE,2,random,6.352788853194751
MCE,3,random,9.84111186649344
MCE,4,random,13.23607813298688
MCE,1,greedy,4.0
MCE,2,greedy,7.47250213298688
MCE,3,greedy,10.41250213298688
MCE,4,greedy,13.23607813298688
MSE,1,random,3.4699999999999998
MSE,2,random,6.9399999999999995
MSE,1,greedy,3.9999999999999996
MSE,2,greedy,6.9399999999999995
MCE,1,random,3.428504256
MCE,2,random,6.435702591999998
MCE,3,random,10.056796512
MCE,4,random,13.453048639999997
MCE,1,greedy,4.0
MCE,2,greedy,7.689472639999999
MCE,3,greedy,10.62947264
MCE,4,greedy,13.453048639999999
MSE,1,random,4.0
MSE,1,greedy,4.0
MCE,1,random,3.4627468812944278
MCE,2,random,7.403052090327141
MCE,1,greedy,4.0
MCE,2,greedy,7.403052090327142
MSE,1,random,4.0
MSE,1,greedy,4.0
MCE,1,random,3.9208
MCE,2,random,7.8416
MCE,1,greedy,4.0
MCE,2,greedy,7.8416
MSE,1,random,3.5759999999999996
MSE,2,random,6.9399999999999995
MSE,1,greedy,3.9999999999999996
MSE,2,greedy,6.9399999999999995
MCE,1,random,3.0481249523455993
MCE,2,random,6.418187961728
MCE,3,random,9.868841218764798
MCE,4,random,13.306945523456
MCE,1,greedy,4.0
MCE,2,greedy,7.543369523456
MCE,3,greedy,10.483369523456
MCE,4,greedy,13.306945523456
MSE,1,random,3.4699999999999998
MSE,2,random,6.9399999999999995
MSE,1,greedy,3.9999999999999996
MSE,2,greedy,6.9399999999999995
MCE,1,random,3.1755527999999993
MCE,2,random,6.700785599999999
MCE,3,random,10.217623199999998
MCE,4,random,13.605175999999997
MCE,1,greedy,4.0
MCE,2,greedy,7.841599999999999
MCE,3,greedy,10.7816
MCE,4,greedy,13.605175999999998
MSE,1,random,4.0
MSE,1,greedy,4.0
MCE,1,random,4.0
MCE,1,greedy,4.0
MSE,1,random,3.6819999999999995
MSE,2,random,6.9399999999999995
MSE,1,greedy,3.9999999999999996
MSE,2,greedy,6.9399999999999995
MCE,1,random,3.211430399999999
MCE,2,random,6.669788
MCE,3,random,9.763575999999999
MCE,1,greedy,3.999999999999999
MCE,2,greedy,6.9399999999999995
MCE,3,greedy,9.763575999999999
MSE,1,random,3.575999999999999
MSE,2,random,6.9399999999999995
MSE,1,greedy,3.9999999999999996
MSE,2,greedy,6.9399999999999995
MCE,1,random,3.3917503999999994
MCE,2,random,6.8300703999999985
MCE,3,random,10.319425599999999
MCE,4,random,13.605175999999997
MCE,1,greedy,4.0
MCE,2,greedy,7.841599999999999
MCE,3,greedy,10.7816
MCE,4,greedy,13.605175999999998
MSE,1,random,4.0
MSE,1,greedy,4.0
MCE,1,random,3.8173478093824
MCE,2,random,7.543369523455999
MCE,1,greedy,4.0
MCE,2,greedy,7.543369523456
MSE,1,random,4.0
MSE,1,greedy,4.0
MCE,1,random,4.0
MCE,1,greedy,4.0
MSE,1,random,3.3639999999999994
MSE,2,random,6.9399999999999995
MSE,1,greedy,3.9999999999999996
MSE,2,greedy,6.9399999999999995
MCE,1,random,3.105430399999999
MCE,2,random,6.328503199999998
MCE,3,random,9.763575999999999
MCE,1,greedy,3.999999999999999
MCE,2,greedy,6.9399999999999995
MCE,3,greedy,9.763575999999999
MSE,1,random,3.6819999999999995
MSE,2,random,6.9399999999999995
MSE,1,greedy,3.9999999999999996
MSE,2,greedy,6.9399999999999995
MCE,1,random,3.431578436130857
MCE,2,random,6.84188364516357
MCE,3,random,9.980229672261714
MCE,4,random,13.16662809032714
MCE,1,greedy,4.0
MCE,2,greedy,7.403052090327141
MCE,3,greedy,10.343052090327141
MCE,4,greedy,13.16662809032714
MSE,1,random,4.0
MSE,1,greedy,4.0
MCE,1,random,3.582136463229
MCE,2,random,7.403052090327141
MCE,1,greedy,4.0
MCE,2,greedy,7.403052090327142
MSE,1,random,4.0
MSE,1,greedy,4.0
MCE,1,random,3.90496
MCE,2,random,7.8416
MCE,1,greedy,4.0
MCE,2,greedy,7.8416
MSE,1,random,3.3639999999999994
MSE,2,random,6.9399999999999995
MSE,1,greedy,3.9999999999999996
MSE,2,greedy,6.9399999999999995
MCE,1,random,3.396915627098143
MCE,2,random,6.747261654196285
MCE,3,random,9.972081636130856
MCE,4,random,13.16662809032714
MCE,1,greedy,4.0
MCE,2,greedy,7.403052090327141
MCE,3,greedy,10.343052090327141
MCE,4,greedy,13.16662809032714
MSE,1,random,3.4699999999999998
MSE,2,random,6.9399999999999995
MSE,1,greedy,3.9999999999999996
MSE,2,greedy,6.9399999999999995
MCE,1,random,3.5477527142591994
MCE,2,random,6.3960217140735995
MCE,3,random,9.597527142592
MCE,1,greedy,4.0
MCE,2,greedy,6.94
MCE,3,greedy,9.597527142592
MSE,1,random,3.257999999999999
MSE,2,random,6.9399999999999995
MSE,1,greedy,3.9999999999999996
MSE,2,greedy,6.9399999999999995
MCE,1,random,3.1997879999999994
MCE,2,random,6.6348608
MCE,3,random,9.763575999999999
MCE,1,greedy,3.999999999999999
MCE,2,greedy,6.9399999999999995
MCE,3,greedy,9.763575999999999
MSE,1,random,4.0
MSE,1,greedy,4.0
MCE,1,random,4.0
MCE,1,greedy,4.0
MSE,1,random,3.5759999999999996
MSE,2,random,6.9399999999999995
MSE,1,greedy,3.9999999999999996
MSE,2,greedy,6.9399999999999995
MCE,1,random,3.3962521279999995
MCE,2,random,6.867451519999999
MCE,3,random,10.045154111999999
MCE,4,random,13.453048639999997
MCE,1,greedy,4.0
MCE,2,greedy,7.689472639999999
MCE,3,greedy,10.62947264
MCE,4,greedy,13.453048639999999
MSE,1,random,4.0
MSE,1,greedy,4.0
MCE,1,random,4.0
MCE,1,greedy,4.0
MSE,1,random,4.0
MSE,1,greedy,4.0
MCE,1,random,3.6346956187647996
MCE,2,random,7.543369523455999
MCE,1,greedy,4.0
MCE,2,greedy,7.543369523456
MSE,1,random,4.0
MSE,1,greedy,4.0
MCE,1,random,3.841750639896064
MCE,2,random,7.47250213298688
MCE,1,greedy,4.0
MCE,2,greedy,7.47250213298688
MSE,1,random,4.0
MSE,1,greedy,4.0
MCE,1,random,3.5890325711104
MCE,2,random,7.543369523455999
MCE,1,greedy,4.0
MCE,2,greedy,7.543369523456
MSE,1,random,3.0459999999999994
MSE,2,random,6.9399999999999995
MSE,1,greedy,3.9999999999999996
MSE,2,greedy,6.9399999999999995
MCE,1,random,3.446715199999999
MCE,2,random,6.658145599999999
MCE,3,random,9.763575999999999
MCE,1,greedy,3.999999999999999
MCE,2,greedy,6.9399999999999995
MCE,3,greedy,9.763575999999999
MSE,1,random,4.0
MSE,1,greedy,4.0
MCE,1,random,3.7826308479999993
MCE,2,random,7.689472640000001
MCE,1,greedy,4.0
MCE,2,greedy,7.68947264
MSE,1,random,4.0
MSE,1,greedy,4.0
MCE,1,random,3.5821364632289994
MCE,2,random,7.403052090327141
MCE,1,greedy,4.0
MCE,2,greedy,7.403052090327142
MSE,1,random,3.4699999999999998
MSE,2,random,6.9399999999999995
MSE,1,greedy,3.9999999999999996
MSE,2,greedy,6.9399999999999995
MCE,1,random,3.2347151999999992
MCE,2,random,6.3401456
MCE,3,random,9.763575999999999
MCE,1,greedy,3.999999999999999
MCE,2,greedy,6.9399999999999995
MCE,3,greedy,9.763575999999999
MSE,1,random,4.0
MSE,1,greedy,4.0
MCE,1,random,3.7716847617280003
MCE,2,random,7.543369523455999
MCE,1,greedy,4.0
MCE,2,greedy,7.543369523456
MSE,1,random,4.0
MSE,1,greedy,4.0
MCE,1,random,3.7716847617280003
MCE,2,random,7.543369523455999
MCE,1,greedy,4.0
MCE,2,greedy,7.543369523456
MSE,1,random,3.7879999999999994
MSE,2,random,6.9399999999999995
MSE,1,greedy,3.9999999999999996
MSE,2,greedy,6.9399999999999995
MCE,1,random,3.3290727999999996
MCE,2,random,6.658145599999999
MCE,3,random,9.763575999999999
MCE,1,greedy,3.999999999999999
MCE,2,greedy,6.9399999999999995
MCE,3,greedy,9.763575999999999
MSE,1,random,3.4699999999999998
MSE,2,random,6.9399999999999995
MSE,1,greedy,3.9999999999999996
MSE,2,greedy,6.9399999999999995
MCE,1,random,3.2367468910200743
MCE,2,random,6.801104491020072
MCE,3,random,9.552322904795165
MCE,4,random,13.031867227550185
MCE,1,greedy,3.9999999999999982
MCE,2,greedy,7.268291227550185
MCE,3,greedy,10.208291227550186
MCE,4,greedy,13.031867227550185
MSE,1,random,4.0
MSE,1,greedy,4.0
MCE,1,random,3.701526045163571
MCE,2,random,7.403052090327141
MCE,1,greedy,4.0
MCE,2,greedy,7.403052090327142
MSE,1,random,4.0
MSE,1,greedy,4.0
MCE,1,random,3.4833201369635196
MCE,2,random,7.1388668949392
MCE,1,greedy,4.0
MCE,2,greedy,7.138866894939199
MSE,1,random,3.4699999999999998
MSE,2,random,6.9399999999999995
MSE,1,greedy,3.9999999999999996
MSE,2,greedy,6.9399999999999995
MCE,1,random,3.5410727999999994
MCE,2,random,6.446145599999999
MCE,3,random,9.763575999999999
MCE,1,greedy,3.999999999999999
MCE,2,greedy,6.9399999999999995
MCE,3,greedy,9.763575999999999
MSE,1,random,4.0
MSE,1,greedy,4.0
MCE,1,random,3.8173478093824
MCE,2,random,7.543369523455999
MCE,1,greedy,4.0
MCE,2,greedy,7.543369523456
MSE,1,random,3.4699999999999998
MSE,2,random,6.9399999999999995
MSE,1,greedy,3.9999999999999996
MSE,2,greedy,6.9399999999999995
MCE,1,random,3.428504255999999
MCE,2,random,6.801471584
MCE,3,random,10.205491647999997
MCE,4,random,13.453048639999997
MCE,1,greedy,4.0
MCE,2,greedy,7.689472639999999
MCE,3,greedy,10.62947264
MCE,4,greedy,13.453048639999999
MSE,1,random,4.0
MSE,1,greedy,4.0
MCE,1,random,4.0
MCE,1,greedy,4.0
MSE,1,random,4.0
MSE,1,greedy,4.0
MCE,1,random,3.5694334474695992
MCE,2,random,7.1388668949392
MCE,1,greedy,4.0
MCE,2,greedy,7.138866894939199
MSE,1,random,3.4699999999999998
MSE,2,random,6.9399999999999995
MSE,1,greedy,3.9999999999999996
MSE,2,greedy,6.9399999999999995
MCE,1,random,3.1883752684817597
MCE,2,random,6.568863847469599
MCE,3,random,9.74052086848176
MCE,4,random,12.902442894939199
MCE,1,greedy,4.0
MCE,2,greedy,7.138866894939199
MCE,3,greedy,10.0788668949392
MCE,4,greedy,12.902442894939199
MSE,1,random,3.258
MSE,2,random,6.9399999999999995
MSE,1,greedy,3.9999999999999996
MSE,2,greedy,6.9399999999999995
MCE,1,random,3.4935528
MCE,2,random,6.4887856
MCE,3,random,10.499745599999999
MCE,4,random,13.605175999999997
MCE,1,greedy,4.0
MCE,2,greedy,7.841599999999999
MCE,3,greedy,10.7816
MCE,4,greedy,13.605175999999998
MSE,1,random,4.0
MSE,1,greedy,4.0
MCE,1,random,3.7716847617280003
MCE,2,random,7.543369523455999
MCE,1,greedy,4.0
MCE,2,greedy,7.543369523456
MSE,1,random,4.0
MSE,1,greedy,4.0
MCE,1,random,3.9208
MCE,2,random,7.8416
MCE,1,greedy,4.0
MCE,2,greedy,7.8416
MSE,1,random,3.5759999999999996
MSE,2,random,6.9399999999999995
MSE,1,greedy,3.9999999999999996
MSE,2,greedy,6.9399999999999995
MCE,1,random,3.2757054093823994
MCE,2,random,6.5845249140736
MCE,3,random,10.129535771110401
MCE,4,random,13.306945523456
MCE,1,greedy,4.0
MCE,2,greedy,7.543369523456
MCE,3,greedy,10.483369523456
MCE,4,greedy,13.306945523456
MSE,1,random,4.0
MSE,1,greedy,4.0
MCE,1,random,4.0
MCE,1,greedy,4.0
MSE,1,random,4.0
MSE,1,greedy,4.0
MCE,1,random,3.7716847617280003
MCE,2,random,7.543369523455999
MCE,1,greedy,4.0
MCE,2,greedy,7.543369523456
MSE,1,random,3.3639999999999994
MSE,2,random,6.9399999999999995
MSE,1,greedy,3.9999999999999996
MSE,2,greedy,6.9399999999999995
MCE,1,random,3.1170727999999994
MCE,2,random,6.4461455999999995
MCE,3,random,9.763575999999999
MCE,1,greedy,3.999999999999999
MCE,2,greedy,6.9399999999999995
MCE,3,greedy,9.763575999999999
MSE,1,random,4.0
MSE,1,greedy,4.0
MCE,1,random,3.7260217140735996
MCE,2,random,7.543369523455999
MCE,1,greedy,4.0
MCE,2,greedy,7.543369523456
MSE,1,random,4.0
MSE,1,greedy,4.0
MCE,1,random,3.95248
MCE,2,random,7.8416
MCE,1,greedy,4.0
MCE,2,greedy,7.8416
MSE,1,random,4.0
MSE,1,greedy,4.0
MCE,1,random,3.8891199999999997
MCE,2,random,7.8416
MCE,1,greedy,4.0
MCE,2,greedy,7.8416
MSE,1,random,3.4699999999999998
MSE,2,random,6.9399999999999995
MSE,1,greedy,3.9999999999999996
MSE,2,greedy,6.9399999999999995
MCE,1,random,3.103683218065428
MCE,2,random,6.243776427098142
MCE,3,random,9.68874444516357
MCE,4,random,13.16662809032714
MCE,1,greedy,4.0
MCE,2,greedy,7.403052090327141
MCE,3,greedy,10.343052090327141
MCE,4,greedy,13.16662809032714
MSE,1,random,4.0
MSE,1,greedy,4.0
MCE,1,random,3.4833201369635196
MCE,2,random,7.1388668949392
MCE,1,greedy,4.0
MCE,2,greedy,7.138866894939199
MSE,1,random,3.257999999999999
MSE,2,random,6.9399999999999995
MSE,1,greedy,3.9999999999999996
MSE,2,greedy,6.9399999999999995
MCE,1,random,3.1493249279999995
MCE,2,random,6.938524319999999
MCE,3,random,10.186081312
MCE,4,random,13.453048639999997
MCE,1,greedy,4.0
MCE,2,greedy,7.689472639999999
MCE,3,greedy,10.62947264
MCE,4,greedy,13.453048639999999
MSE,1,random,4.0
MSE,1,greedy,4.0
MCE,1,random,3.701526045163571
MCE,2,random,7.403052090327141
MCE,1,greedy,4.0
MCE,2,greedy,7.403052090327142
MSE,1,random,4.0
MSE,1,greedy,4.0
MCE,1,random,3.3972068264574395
MCE,2,random,7.1388668949392
MCE,1,greedy,4.0
MCE,2,greedy,7.138866894939199
MSE,1,random,3.4699999999999998
MSE,2,random,6.9399999999999995
MSE,1,greedy,3.9999999999999996
MSE,2,greedy,6.9399999999999995
MCE,1,random,3.4066086664934403
MCE,2,random,6.499896239896063
MCE,3,random,9.989220106389503
MCE,4,random,13.23607813298688
MCE,1,greedy,4.0
MCE,2,greedy,7.47250213298688
MCE,3,greedy,10.41250213298688
MCE,4,greedy,13.23607813298688
MSE,1,random,4.0
MSE,1,greedy,4.0
MCE,1,random,3.8353376
MCE,2,random,7.764768000000001
MCE,1,greedy,4.0
MCE,2,greedy,7.764768
MSE,1,random,4.0
MSE,1,greedy,4.0
MCE,1,random,3.90496
MCE,2,random,7.8416
MCE,1,greedy,4.0
MCE,2,greedy,7.8416
MSE,1,random,3.575999999999999
MSE,2,random,6.9399999999999995
MSE,1,greedy,3.9999999999999996
MSE,2,greedy,6.9399999999999995
MCE,1,random,3.3290727999999996
MCE,2,random,6.905072799999999
MCE,3,random,9.763575999999999
MCE,1,greedy,3.999999999999999
MCE,2,greedy,6.9399999999999995
MCE,3,greedy,9.763575999999999
MSE,1,random,4.0
MSE,1,greedy,4.0
MCE,1,random,4.0
MCE,1,greedy,4.0
MSE,1,random,3.6819999999999995
MSE,2,random,6.9399999999999995
MSE,1,greedy,3.9999999999999996
MSE,2,greedy,6.9399999999999995
MCE,1,random,3.266967328
MCE,2,random,7.100061248
MCE,3,random,10.174438912
MCE,4,random,13.453048639999997
MCE,1,greedy,4.0
MCE,2,greedy,7.689472639999999
MCE,3,greedy,10.62947264
MCE,4,greedy,13.453048639999999
MSE,1,random,4.0
MSE,1,greedy,4.0
MCE,1,random,3.90496
MCE,2,random,7.8416
MCE,1,greedy,4.0
MCE,2,greedy,7.8416
MSE,1,random,4.0
MSE,1,greedy,4.0
MCE,1,random,3.4833201369635196
MCE,2,random,7.1388668949392
MCE,1,greedy,4.0
MCE,2,greedy,7.138866894939199
MSE,1,random,4.0
MSE,1,greedy,4.0
MCE,1,random,3.701526045163571
MCE,2,random,7.403052090327141
MCE,1,greedy,4.0
MCE,2,greedy,7.403052090327142
MSE,1,random,4.0
MSE,1,greedy,4.0
MCE,1,random,3.841750639896064
MCE,2,random,7.47250213298688
MCE,1,greedy,4.0
MCE,2,greedy,7.47250213298688
MSE,1,random,3.3639999999999994
MSE,2,random,6.9399999999999995
MSE,1,greedy,3.9999999999999996
MSE,2,greedy,6.9399999999999995
MCE,1,random,3.234715199999999
MCE,2,random,6.5521455999999985
MCE,3,random,9.763575999999999
MCE,1,greedy,3.999999999999999
MCE,2,greedy,6.9399999999999995
MCE,3,greedy,9.763575999999999
MSE,1,random,4.0
MSE,1,greedy,4.0
MCE,1,random,3.82777337898784
MCE,2,random,7.1388668949392
MCE,1,greedy,4.0
MCE,2,greedy,7.138866894939199
MSE,1,random,3.3639999999999994
MSE,2,random,6.9399999999999995
MSE,1,greedy,3.9999999999999996
MSE,2,greedy,6.9399999999999995
MCE,1,random,3.5759999999999996
MCE,2,random,6.9399999999999995
MCE,1,greedy,3.9999999999999996
MCE,2,greedy,6.9399999999999995
MSE,1,random,3.6819999999999995
MSE,2,random,6.9399999999999995
MSE,1,greedy,3.9999999999999996
MSE,2,greedy,6.9399999999999995
MCE,1,random,3.567872799999999
MCE,2,random,6.931872799999999
MCE,3,random,10.268658399999998
MCE,4,random,13.605175999999997
MCE,1,greedy,4.0
MCE,2,greedy,7.841599999999999
MCE,3,greedy,10.7816
MCE,4,greedy,13.605175999999998
MSE,1,random,3.257999999999999
MSE,2,random,6.9399999999999995
MSE,1,greedy,3.9999999999999996
MSE,2,greedy,6.9399999999999995
MCE,1,random,3.523073599999999
MCE,2,random,6.739910399999999
MCE,3,random,10.2925344
MCE,4,random,13.585968
MCE,1,greedy,4.0
MCE,2,greedy,7.764768
MCE,3,greedy,10.704768
MCE,4,greedy,13.585968
MSE,1,random,3.6819999999999995
MSE,2,random,6.9399999999999995
MSE,1,greedy,3.9999999999999996
MSE,2,greedy,6.9399999999999995
MCE,1,random,3.4108375999999994
MCE,2,random,6.931872799999999
MCE,3,random,10.3035856
MCE,4,random,13.605175999999997
MCE,1,greedy,4.0
MCE,2,greedy,7.841599999999999
MCE,3,greedy,10.7816
MCE,4,greedy,13.605175999999998
MSE,1,random,3.3639999999999994
MSE,2,random,6.9399999999999995
MSE,1,greedy,3.9999999999999996
MSE,2,greedy,6.9399999999999995
MCE,1,random,3.3051936
MCE,2,random,6.816507199999999
MCE,3,random,10.263131199999998
MCE,4,random,13.585968
MCE,1,greedy,4.0
MCE,2,greedy,7.764768
MCE,3,greedy,10.704768
MCE,4,greedy,13.585968
MSE,1,random,3.575999999999999
MSE,2,random,6.9399999999999995
MSE,1,greedy,3.9999999999999996
MSE,2,greedy,6.9399999999999995
MCE,1,random,3.1639104
MCE,2,random,6.8109832
MCE,3,random,10.2017832
MCE,4,random,13.605175999999997
MCE,1,greedy,4.0
MCE,2,greedy,7.841599999999999
MCE,3,greedy,10.7816
MCE,4,greedy,13.605175999999998
MSE,1,random,3.5759999999999996
MSE,2,random,6.9399999999999995
MSE,1,greedy,3.9999999999999996
MSE,2,greedy,6.9399999999999995
MCE,1,random,3.2146775999999995
MCE,2,random,7.123835199999999
MCE,3,random,10.4137832
MCE,4,random,13.605175999999997
MCE,1,greedy,4.0
MCE,2,greedy,7.841599999999999
MCE,3,greedy,10.7816
MCE,4,greedy,13.605175999999998
MSE,1,random,3.575999999999999
MSE,2,random,6.9399999999999995
MSE,1,greedy,3.9999999999999996
MSE,2,greedy,6.9399999999999995
MCE,1,random,3.2816704000000003
MCE,2,random,7.0521744
MCE,3,random,10.269011199999998
MCE,4,random,13.585968
MCE,1,greedy,4.0
MCE,2,greedy,7.764768
MCE,3,greedy,10.704768
MCE,4,greedy,13.585968
MSE,1,random,3.1519999999999997
MSE,2,random,6.9399999999999995
MSE,1,greedy,3.9999999999999996
MSE,2,greedy,6.9399999999999995
MCE,1,random,3.1955903999999995
MCE,2,random,6.888550399999998
MCE,3,random,10.088338399999998
MCE,4,random,13.605175999999997
MCE,1,greedy,4.0
MCE,2,greedy,7.841599999999999
MCE,3,greedy,10.7816
MCE,4,greedy,13.605175999999998
MSE,1,random,3.3639999999999994
MSE,2,random,6.9399999999999995
MSE,1,greedy,3.9999999999999996
MSE,2,greedy,6.9399999999999995
MCE,1,random,3.269910399999999
MCE,2,random,6.684945599999999
MCE,3,random,10.095783199999998
MCE,4,random,13.605175999999997
MCE,1,greedy,4.0
MCE,2,greedy,7.841599999999999
MCE,3,greedy,10.7816
MCE,4,greedy,13.605175999999998
MSE,1,random,3.3639999999999994
MSE,2,random,6.9399999999999995
MSE,1,greedy,3.9999999999999996
MSE,2,greedy,6.9399999999999995
MCE,1,random,3.1874335999999994
MCE,2,random,7.0756976
MCE,3,random,10.333700799999999
MCE,4,random,13.585968
MCE,1,greedy,4.0
MCE,2,greedy,7.764768
MCE,3,greedy,10.704768
MCE,4,greedy,13.585968
MSE,1,random,3.3639999999999994
MSE,2,random,6.9399999999999995
MSE,1,greedy,3.9999999999999996
MSE,2,greedy,6.9399999999999995
MCE,1,random,3.5485175999999994
MCE,2,random,6.696588
MCE,3,random,10.2017832
MCE,4,random,13.605175999999997
MCE,1,greedy,4.0
MCE,2,greedy,7.841599999999999
MCE,3,greedy,10.7816
MCE,4,greedy,13.605175999999998
MSE,1,random,3.3639999999999994
MSE,2,random,6.9399999999999995
MSE,1,greedy,3.9999999999999996
MSE,2,greedy,6.9399999999999995
MCE,1,random,3.5009975999999994
MCE,2,random,6.6416232
MCE,3,random,10.0999808
MCE,4,random,13.605175999999997
MCE,1,greedy,4.0
MCE,2,greedy,7.841599999999999
MCE,3,greedy,10.7816
MCE,4,greedy,13.605175999999998
MSE,1,random,3.3639999999999994
MSE,2,random,6.9399999999999995
MSE,1,greedy,3.9999999999999996
MSE,2,greedy,6.9399999999999995
MCE,1,random,3.5054336
MCE,2,random,6.999104
MCE,3,random,10.151251199999999
MCE,4,random,13.585968
MCE,1,greedy,4.0
MCE,2,greedy,7.764768
MCE,3,greedy,10.704768
MCE,4,greedy,13.585968
MSE,1,random,3.5759999999999996
MSE,2,random,6.9399999999999995
MSE,1,greedy,3.9999999999999996
MSE,2,greedy,6.9399999999999995
MCE,1,random,3.6545175999999997
MCE,2,random,6.7208232
MCE,3,random,10.5547104
MCE,4,random,13.605175999999997
MCE,1,greedy,4.0
MCE,2,greedy,7.841599999999999
MCE,3,greedy,10.7816
MCE,4,greedy,13.605175999999998
MSE,1,random,3.4699999999999998
MSE,2,random,6.9399999999999995
MSE,1,greedy,3.9999999999999996
MSE,2,greedy,6.9399999999999995
MCE,1,random,3.4033927999999998
MCE,2,random,6.5873408
MCE,3,random,9.9781408
MCE,4,random,13.605175999999997
MCE,1,greedy,4.0
MCE,2,greedy,7.841599999999999
MCE,3,greedy,10.7816
MCE,4,greedy,13.605175999999998
MSE,1,random,3.258
MSE,2,random,6.9399999999999995
MSE,1,greedy,3.9999999999999996
MSE,2,greedy,6.9399999999999995
MCE,1,random,3.091547264
MCE,2,random,6.686269055999999
MCE,3,random,10.301365376000001
MCE,4,random,13.51067264
MCE,1,greedy,4.0
MCE,2,greedy,7.68947264
MCE,3,greedy,10.62947264
MCE,4,greedy,13.51067264
MSE,1,random,3.258
MSE,2,random,6.9399999999999995
MSE,1,greedy,3.9999999999999996
MSE,2,greedy,6.9399999999999995
MCE,1,random,3.364268
MCE,2,random,6.814230399999998
MCE,3,random,10.303585599999998
MCE,4,random,13.605175999999997
MCE,1,greedy,4.0
MCE,2,greedy,7.841599999999999
MCE,3,greedy,10.7816
MCE,4,greedy,13.605175999999998
MSE,1,random,3.575999999999999
MSE,2,random,6.9399999999999995
MSE,1,greedy,3.9999999999999996
MSE,2,greedy,6.9399999999999995
MCE,1,random,3.5508504180654286
MCE,2,random,6.512006045163571
MCE,3,random,10.097401672261714
MCE,4,random,13.224252090327141
MCE,1,greedy,4.0
MCE,2,greedy,7.403052090327142
MCE,3,greedy,10.343052090327141
MCE,4,greedy,13.224252090327141
MSE,1,random,3.4699999999999998
MSE,2,random,6.9399999999999995
MSE,1,greedy,3.9999999999999996
MSE,2,greedy,6.9399999999999995
MCE,1,random,3.5368751999999994
MCE,2,random,6.696588
MCE,3,random,10.185943199999999
MCE,4,random,13.605175999999997
MCE,1,greedy,4.0
MCE,2,greedy,7.841599999999999
MCE,3,greedy,10.7816
MCE,4,greedy,13.605175999999998
MSE,1,random,3.258
MSE,2,random,6.9399999999999995
MSE,1,greedy,3.9999999999999996
MSE,2,greedy,6.9399999999999995
MCE,1,random,3.3875527999999995
MCE,2,random,7.014587999999999
MCE,3,random,10.120018399999998
MCE,4,random,13.605175999999997
MCE,1,greedy,4.0
MCE,2,greedy,7.841599999999999
MCE,3,greedy,10.7816
MCE,4,greedy,13.605175999999998
MSE,1,random,3.7879999999999994
MSE,2,random,6.9399999999999995
MSE,1,greedy,3.9999999999999996
MSE,2,greedy,6.9399999999999995
MCE,1,random,3.4819103999999994
MCE,2,random,6.5673032
MCE,3,random,10.4254256
MCE,4,random,13.605175999999997
MCE,1,greedy,4.0
MCE,2,greedy,7.841599999999999
MCE,3,greedy,10.7816
MCE,4,greedy,13.605175999999998
MSE,1,random,3.257999999999999
MSE,2,random,6.9399999999999995
MSE,1,greedy,3.9999999999999996
MSE,2,greedy,6.9399999999999995
MCE,1,random,3.5526240000000002
MCE,2,random,6.934267199999999
MCE,3,random,10.0509872
MCE,4,random,13.585968
MCE,1,greedy,4.0
MCE,2,greedy,7.764768
MCE,3,greedy,10.704768
MCE,4,greedy,13.585968
MSE,1,random,3.575999999999999
MSE,2,random,6.9399999999999995
MSE,1,greedy,3.9999999999999996
MSE,2,greedy,6.9399999999999995
MCE,1,random,3.5642399999999994
MCE,2,random,6.75533632
MCE,3,random,10.151470848
MCE,4,random,13.51067264
MCE,1,greedy,4.0
MCE,2,greedy,7.68947264
MCE,3,greedy,10.62947264
MCE,4,greedy,13.51067264
MSE,1,random,3.3639999999999994
MSE,2,random,6.9399999999999995
MSE,1,greedy,3.9999999999999996
MSE,2,greedy,6.9399999999999995
MCE,1,random,3.4308752
MCE,2,random,6.438018399999999
MCE,3,random,10.064103199999998
MCE,4,random,13.605175999999997
MCE,1,greedy,4.0
MCE,2,greedy,7.841599999999999
MCE,3,greedy,10.7816
MCE,4,greedy,13.605175999999998
MSE,1,random,3.575999999999999
MSE,2,random,6.9399999999999995
MSE,1,greedy,3.9999999999999996
MSE,2,greedy,6.9399999999999995
MCE,1,random,3.3132327999999993
MCE,2,random,7.033675199999999
MCE,3,random,10.2176232
MCE,4,random,13.605175999999997
MCE,1,greedy,4.0
MCE,2,greedy,7.841599999999999
MCE,3,greedy,10.7816
MCE,4,greedy,13.605175999999998
MSE,1,random,3.4699999999999998
MSE,2,random,6.9399999999999995
MSE,1,greedy,3.9999999999999996
MSE,2,greedy,6.9399999999999995
MCE,1,random,2.9994303999999996
MCE,2,random,6.9519104
MCE,3,random,10.104178399999999
MCE,4,random,13.605175999999997
MCE,1,greedy,4.0
MCE,2,greedy,7.841599999999999
MCE,3,greedy,10.7816
MCE,4,greedy,13.605175999999998
MSE,1,random,3.8939999999999997
MSE,2,random,6.9399999999999995
MSE,1,greedy,3.9999999999999996
MSE,2,greedy,6.9399999999999995
MCE,1,random,3.426677599999999
MCE,2,random,6.7983904
MCE,3,random,10.0957832
MCE,4,random,13.605175999999997
MCE,1,greedy,4.0
MCE,2,greedy,7.841599999999999
MCE,3,greedy,10.7816
MCE,4,greedy,13.605175999999998
MSE,1,random,3.257999999999999
MSE,2,random,6.9399999999999995
MSE,1,greedy,3.9999999999999996
MSE,2,greedy,6.9399999999999995
MCE,1,random,3.6228375999999995
MCE,2,random,6.492983199999999
MCE,3,random,10.0957832
MCE,4,random,13.605175999999997
MCE,1,greedy,4.0
MCE,2,greedy,7.841599999999999
MCE,3,greedy,10.7816
MCE,4,greedy,13.605175999999998
MSE,1,random,3.575999999999999
MSE,2,random,6.9399999999999995
MSE,1,greedy,3.9999999999999996
MSE,2,greedy,6.9399999999999995
MCE,1,random,3.4583575999999994
MCE,2,random,7.026230399999998
MCE,3,random,9.9939808
MCE,4,random,13.605175999999997
MCE,1,greedy,4.0
MCE,2,greedy,7.841599999999999
MCE,3,greedy,10.7816
MCE,4,greedy,13.605175999999998
MSE,1,random,3.6819999999999995
MSE,2,random,6.9399999999999995
MSE,1,greedy,3.9999999999999996
MSE,2,greedy,6.9399999999999995
MCE,1,random,3.3833551999999996
MCE,2,random,6.606427999999998
MCE,3,random,10.4296232
MCE,4,random,13.605175999999997
MCE,1,greedy,4.0
MCE,2,greedy,7.841599999999999
MCE,3,greedy,10.7816
MCE,4,greedy,13.605175999999998
MSE,1,random,3.4699999999999998
MSE,2,random,6.9399999999999995
MSE,1,greedy,3.9999999999999996
MSE,2,greedy,6.9399999999999995
MCE,1,random,3.2815528
MCE,2,random,6.751552799999999
MCE,3,random,10.319425599999999
MCE,4,random,13.605175999999997
MCE,1,greedy,4.0
MCE,2,greedy,7.841599999999999
MCE,3,greedy,10.7816
MCE,4,greedy,13.605175999999998
MSE,1,random,3.5759999999999996
MSE,2,random,6.9399999999999995
MSE,1,greedy,3.9999999999999996
MSE,2,greedy,6.9399999999999995
MCE,1,random,3.634479999999999
MCE,2,random,6.911835199999999
MCE,3,random,9.9939808
MCE,4,random,13.605175999999997
MCE,1,greedy,4.0
MCE,2,greedy,7.841599999999999
MCE,3,greedy,10.7816
MCE,4,greedy,13.605175999999998
MSE,1,random,3.4699999999999998
MSE,2,random,6.9399999999999995
MSE,1,greedy,3.9999999999999996
MSE,2,greedy,6.9399999999999995
MCE,1,random,3.3442303999999994
MCE,2,random,6.579896
MCE,3,random,9.9781408
MCE,4,random,13.605175999999997
MCE,1,greedy,4.0
MCE,2,greedy,7.841599999999999
MCE,3,greedy,10.7816
MCE,4,greedy,13.605175999999998
MSE,1,random,3.7879999999999994
MSE,2,random,6.9399999999999995
MSE,1,greedy,3.9999999999999996
MSE,2,greedy,6.9399999999999995
MCE,1,random,3.3961345279999997
MCE,2,random,7.07333632
MCE,3,random,10.120418112
MCE,4,random,13.51067264
MCE,1,greedy,4.0
MCE,2,greedy,7.68947264
MCE,3,greedy,10.62947264
MCE,4,greedy,13.51067264
MSE,1,random,3.575999999999999
MSE,2,random,6.9399999999999995
MSE,1,greedy,3.9999999999999996
MSE,2,greedy,6.9399999999999995
MCE,1,random,3.5051952
MCE,2,random,6.959355199999999
MCE,3,random,10.205980799999997
MCE,4,random,13.605175999999997
MCE,1,greedy,4.0
MCE,2,greedy,7.841599999999999
MCE,3,greedy,10.7816
MCE,4,greedy,13.605175999999998
MSE,1,random,3.5759999999999996
MSE,2,random,6.9399999999999995
MSE,1,greedy,3.9999999999999996
MSE,2,greedy,6.9399999999999995
MCE,1,random,3.3759103999999995
MCE,2,random,6.669105599999999
MCE,3,random,10.0531432
MCE,4,random,13.605175999999997
MCE,1,greedy,4.0
MCE,2,greedy,7.841599999999999
MCE,3,greedy,10.7816
MCE,4,greedy,13.605175999999998
MSE,1,random,4.0
MSE,1,greedy,4.0
MCE,1,random,4.0
MCE,1,greedy,4.0
MSE,1,random,4.0
MSE,1,greedy,4.0
MCE,1,random,4.0
MCE,1,greedy,4.0
MSE,1,random,4.0
MSE,1,greedy,4.0
MCE,1,random,3.87328
MCE,2,random,7.8416
MCE,1,greedy,4.0
MCE,2,greedy,7.8416
MSE,1,random,4.0
MSE,1,greedy,4.0
MCE,1,random,3.8891199999999997
MCE,2,random,7.8416
MCE,1,greedy,4.0
MCE,2,greedy,7.8416
MSE,1,random,4.0
MSE,1,greedy,4.0
MCE,1,random,3.9366399999999997
MCE,2,random,7.8416
MCE,1,greedy,4.0
MCE,2,greedy,7.8416
MSE,1,random,4.0
MSE,1,greedy,4.0
MCE,1,random,3.8823840000000005
MCE,2,random,7.764768000000001
MCE,1,greedy,4.0
MCE,2,greedy,7.764768
MSE,1,random,3.8939999999999997
MSE,2,random,6.9399999999999995
MSE,1,greedy,3.9999999999999996
MSE,2,greedy,6.9399999999999995
MCE,1,random,3.6819999999999995
MCE,2,random,6.9399999999999995
MCE,1,greedy,3.9999999999999996
MCE,2,greedy,6.9399999999999995
MSE,1,random,3.5759999999999996
MSE,2,random,6.9399999999999995
MSE,1,greedy,3.9999999999999996
MSE,2,greedy,6.9399999999999995
MCE,1,random,3.093787999999999
MCE,2,random,6.924427999999999
MCE,3,random,10.104178399999999
MCE,4,random,13.605175999999997
MCE,1,greedy,4.0
MCE,2,greedy,7.841599999999999
MCE,3,greedy,10.7816
MCE,4,greedy,13.605175999999998
MSE,1,random,3.4699999999999998
MSE,2,random,6.9399999999999995
MSE,1,greedy,3.9999999999999996
MSE,2,greedy,6.9399999999999995
MCE,1,random,3.4111936
MCE,2,random,6.6045072000000005
MCE,3,random,10.092297599999998
MCE,4,random,13.585968
MCE,1,greedy,4.0
MCE,2,greedy,7.764768
MCE,3,greedy,10.704768
MCE,4,greedy,13.585968
MSE,1,random,3.1519999999999997
MSE,2,random,6.9399999999999995
MSE,1,greedy,3.9999999999999996
MSE,2,greedy,6.9399999999999995
MCE,1,random,3.2973927999999995
MCE,2,random,6.916032799999999
MCE,3,random,10.280300799999997
MCE,4,random,13.605175999999997
MCE,1,greedy,4.0
MCE,2,greedy,7.841599999999999
MCE,3,greedy,10.7816
MCE,4,greedy,13.605175999999998
MSE,1,random,3.6819999999999995
MSE,2,random,6.9399999999999995
MSE,1,greedy,3.9999999999999996
MSE,2,greedy,6.9399999999999995
MCE,1,random,3.4995503999999995
MCE,2,random,6.9932208000000005
MCE,3,random,10.251371199999998
MCE,4,random,13.585968
MCE,1,greedy,4.0
MCE,2,greedy,7.764768
MCE,3,greedy,10.704768
MCE,4,greedy,13.585968
MSE,1,random,3.6819999999999995
MSE,2,random,6.9399999999999995
MSE,1,greedy,3.9999999999999996
MSE,2,greedy,6.9399999999999995
MCE,1,random,3.4425175999999995
MCE,2,random,6.622268
MCE,3,random,10.1701032
MCE,4,random,13.605175999999997
MCE,1,greedy,4.0
MCE,2,greedy,7.841599999999999
MCE,3,greedy,10.7816
MCE,4,greedy,13.605175999999998
MSE,1,random,3.5759999999999996
MSE,2,random,6.9399999999999995
MSE,1,greedy,3.9999999999999996
MSE,2,greedy,6.9399999999999995
MCE,1,random,3.3875527999999995
MCE,2,random,6.4028231999999985
MCE,3,random,10.0683008
MCE,4,random,13.605175999999997
MCE,1,greedy,4.0
MCE,2,greedy,7.841599999999999
MCE,3,greedy,10.7816
MCE,4,greedy,13.605175999999998
MSE,1,random,3.4699999999999998
MSE,2,random,6.9399999999999995
MSE,1,greedy,3.9999999999999996
MSE,2,greedy,6.9399999999999995
MCE,1,random,3.2581472
MCE,2,random,6.9755808
MCE,3,random,10.151251199999999
MCE,4,random,13.585968
MCE,1,greedy,4.0
MCE,2,greedy,7.764768
MCE,3,greedy,10.704768
MCE,4,greedy,13.585968
MSE,1,random,3.3639999999999994
MSE,2,random,6.9399999999999995
MSE,1,greedy,3.9999999999999996
MSE,2,greedy,6.9399999999999995
MCE,1,random,3.6228375999999995
MCE,2,random,7.167157599999999
MCE,3,random,10.3077832
MCE,4,random,13.605175999999997
MCE,1,greedy,4.0
MCE,2,greedy,7.841599999999999
MCE,3,greedy,10.7816
MCE,4,greedy,13.605175999999998
MSE,1,random,3.5759999999999996
MSE,2,random,6.9399999999999995
MSE,1,greedy,3.9999999999999996
MSE,2,greedy,6.9399999999999995
MCE,1,random,3.6270352000000003
MCE,2,random,6.802587999999998
MCE,3,random,10.099980799999997
MCE,4,random,13.605175999999997
MCE,1,greedy,4.0
MCE,2,greedy,7.841599999999999
MCE,3,greedy,10.7816
MCE,4,greedy,13.605175999999998
MSE,1,random,3.575999999999999
MSE,2,random,6.9399999999999995
MSE,1,greedy,3.9999999999999996
MSE,2,greedy,6.9399999999999995
MCE,1,random,3.4111936
MCE,2,random,6.816507199999999
MCE,3,random,10.174774399999999
MCE,4,random,13.585968
MCE,1,greedy,4.0
MCE,2,greedy,7.764768
MCE,3,greedy,10.704768
MCE,4,greedy,13.585968
MSE,1,random,3.3639999999999994
MSE,2,random,6.9399999999999995
MSE,1,greedy,3.9999999999999996
MSE,2,greedy,6.9399999999999995
MCE,1,random,3.5284799999999996
MCE,2,random,6.7951432
MCE,3,random,9.998178399999997
MCE,4,random,13.605175999999997
MCE,1,greedy,4.0
MCE,2,greedy,7.841599999999999
MCE,3,greedy,10.7816
MCE,4,greedy,13.605175999999998
MSE,1,random,3.3639999999999994
MSE,2,random,6.9399999999999995
MSE,1,greedy,3.9999999999999996
MSE,2,greedy,6.9399999999999995
MCE,1,random,3.3174303999999992
MCE,2,random,6.770907999999999
MCE,3,random,10.323623199999998
MCE,4,random,13.605175999999997
MCE,1,greedy,4.0
MCE,2,greedy,7.841599999999999
MCE,3,greedy,10.7816
MCE,4,greedy,13.605175999999998
MSE,1,random,3.5759999999999996
MSE,2,random,6.9399999999999995
MSE,1,greedy,3.9999999999999996
MSE,2,greedy,6.9399999999999995
MCE,1,random,3.2168367999999994
MCE,2,random,6.775344
MCE,3,random,10.015700800000001
MCE,4,random,13.585968
MCE,1,greedy,4.0
MCE,2,greedy,7.764768
MCE,3,greedy,10.704768
MCE,4,greedy,13.585968
MSE,1,random,3.4699999999999998
MSE,2,random,6.9399999999999995
MSE,1,greedy,3.9999999999999996
MSE,2,greedy,6.9399999999999995
MCE,1,random,3.3917503999999994
MCE,2,random,6.583143199999999
MCE,3,random,10.4412656
MCE,4,random,13.605175999999997
MCE,1,greedy,4.0
MCE,2,greedy,7.841599999999999
MCE,3,greedy,10.7816
MCE,4,greedy,13.605175999999998
MSE,1,random,3.575999999999999
MSE,2,random,6.9399999999999995
MSE,1,greedy,3.9999999999999996
MSE,2,greedy,6.9399999999999995
MCE,1,random,3.2072328
MCE,2,random,6.716625599999999
MCE,3,random,10.315228
MCE,4,random,13.605175999999997
MCE,1,greedy,4.0
MCE,2,greedy,7.841599999999999
MCE,3,greedy,10.7816
MCE,4,greedy,13.605175999999998
MSE,1,random,3.5759999999999996
MSE,2,random,6.9399999999999995
MSE,1,greedy,3.9999999999999996
MSE,2,greedy,6.9399999999999995
MCE,1,random,3.4020145279999996
MCE,2,random,6.9849763199999995
MCE,3,random,10.257470848
MCE,4,random,13.51067264
MCE,1,greedy,4.0
MCE,2,greedy,7.68947264
MCE,3,greedy,10.62947264
MCE,4,greedy,13.51067264
MSE,1,random,3.3639999999999994
MSE,2,random,6.9399999999999995
MSE,1,greedy,3.9999999999999996
MSE,2,greedy,6.9399999999999995
MCE,1,random,3.2030351999999995
MCE,2,random,7.065355199999999
MCE,3,random,10.139105599999999
MCE,4,random,13.605175999999997
MCE,1,greedy,4.0
MCE,2,greedy,7.841599999999999
MCE,3,greedy,10.7816
MCE,4,greedy,13.605175999999998
MSE,1,random,3.5759999999999996
MSE,2,random,6.9399999999999995
MSE,1,greedy,3.9999999999999996
MSE,2,greedy,6.9399999999999995
MCE,1,random,3.285035627098142
MCE,2,random,6.600366045163571
MCE,3,random,9.931706881294428
MCE,4,random,13.224252090327141
MCE,1,greedy,4.0
MCE,2,greedy,7.403052090327142
MCE,3,greedy,10.343052090327141
MCE,4,greedy,13.224252090327141
MSE,1,random,3.3639999999999994
MSE,2,random,6.9399999999999995
MSE,1,greedy,3.9999999999999996
MSE,2,greedy,6.9399999999999995
MCE,1,random,3.7171952
MCE,2,random,6.8853032
MCE,3,random,10.084140799999998
MCE,4,random,13.605175999999997
MCE,1,greedy,4.0
MCE,2,greedy,7.841599999999999
MCE,3,greedy,10.7816
MCE,4,greedy,13.605175999999998
MSE,1,random,3.4699999999999998
MSE,2,random,6.9399999999999995
MSE,1,greedy,3.9999999999999996
MSE,2,greedy,6.9399999999999995
MCE,1,random,3.3015903999999994
MCE,2,random,7.139675199999999
MCE,3,random,10.2059808
MCE,4,random,13.605175999999997
MCE,1,greedy,4.0
MCE,2,greedy,7.841599999999999
MCE,3,greedy,10.7816
MCE,4,greedy,13.605175999999998
MSE,1,random,3.6819999999999995
MSE,2,random,6.9399999999999995
MSE,1,greedy,3.9999999999999996
MSE,2,greedy,6.9399999999999995
MCE,1,random,3.5953552
MCE,2,random,6.9202303999999994
MCE,3,random,10.190140799999998
MCE,4,random,13.605175999999997
MCE,1,greedy,4.0
MCE,2,greedy,7.841599999999999
MCE,3,greedy,10.7816
MCE,4,greedy,13.605175999999998
MSE,1,random,3.4699999999999998
MSE,2,random,6.9399999999999995
MSE,1,greedy,3.9999999999999996
MSE,2,greedy,6.9399999999999995
MCE,1,random,3.1108399999999996
MCE,2,random,6.8695808
MCE,3,random,10.009820799999998
MCE,4,random,13.585968
MCE,1,greedy,4.0
MCE,2,greedy,7.764768
MCE,3,greedy,10.704768
MCE,4,greedy,13.585968
MSE,1,random,3.4699999999999998
MSE,2,random,6.9399999999999995
MSE,1,greedy,3.9999999999999996
MSE,2,greedy,6.9399999999999995
MCE,1,random,3.533187264
MCE,2,random,6.873096319999999
MCE,3,random,10.045470847999999
MCE,4,random,13.51067264
MCE,1,greedy,4.0
MCE,2,greedy,7.68947264
MCE,3,greedy,10.62947264
MCE,4,greedy,13.51067264
MSE,1,random,3.575999999999999
MSE,2,random,6.9399999999999995
MSE,1,greedy,3.9999999999999996
MSE,2,greedy,6.9399999999999995
MCE,1,random,2.858503199999999
MCE,2,random,6.684945600000001
MCE,3,random,9.860498399999997
MCE,4,random,13.605175999999997
MCE,1,greedy,4.0
MCE,2,greedy,7.841599999999999
MCE,3,greedy,10.7816
MCE,4,greedy,13.605175999999998
MSE,1,random,3.4699999999999998
MSE,2,random,6.9399999999999995
MSE,1,greedy,3.9999999999999996
MSE,2,greedy,6.9399999999999995
MCE,1,random,3.289948
MCE,2,random,6.8142304
MCE,3,random,10.464550399999998
MCE,4,random,13.605175999999997
MCE,1,greedy,4.0
MCE,2,greedy,7.841599999999999
MCE,3,greedy,10.7816
MCE,4,greedy,13.605175999999998
MSE,1,random,3.4699999999999998
MSE,2,random,6.9399999999999995
MSE,1,greedy,3.9999999999999996
MSE,2,greedy,6.9399999999999995
MCE,1,random,3.525232799999999
MCE,2,random,7.206550399999999
MCE,3,random,10.099980799999997
MCE,4,random,13.605175999999997
MCE,1,greedy,4.0
MCE,2,greedy,7.841599999999999
MCE,3,greedy,10.7816
MCE,4,greedy,13.605175999999998
MSE,1,random,3.3639999999999994
MSE,2,random,6.9399999999999995
MSE,1,greedy,3.9999999999999996
MSE,2,greedy,6.9399999999999995
MCE,1,random,3.1955903999999995
MCE,2,random,6.892747999999999
MCE,3,random,10.1232656
MCE,4,random,13.605175999999997
MCE,1,greedy,4.0
MCE,2,greedy,7.841599999999999
MCE,3,greedy,10.7816
MCE,4,greedy,13.605175999999998
MSE,1,random,3.5759999999999996
MSE,2,random,6.9399999999999995
MSE,1,greedy,3.9999999999999996
MSE,2,greedy,6.9399999999999995
MCE,1,random,3.8147999999999995
MCE,2,random,7.1322304
MCE,3,random,10.3077832
MCE,4,random,13.605175999999997
MCE,1,greedy,4.0
MCE,2,greedy,7.841599999999999
MCE,3,greedy,10.7816
MCE,4,greedy,13.605175999999998
MSE,1,random,3.5759999999999996
MSE,2,random,6.9399999999999995
MSE,1,greedy,3.9999999999999996
MSE,2,greedy,6.9399999999999995
MCE,1,random,3.477712799999999
MCE,2,random,6.9011432
MCE,3,random,10.268658399999998
MCE,4,random,13.605175999999997
MCE,1,greedy,4.0
MCE,2,greedy,7.841599999999999
MCE,3,greedy,10.7816
MCE,4,greedy,13.605175999999998
MSE,1,random,3.257999999999999
MSE,2,random,6.9399999999999995
MSE,1,greedy,3.9999999999999996
MSE,2,greedy,6.9399999999999995
MCE,1,random,3.3132327999999993
MCE,2,random,7.210748
MCE,3,random,10.405387999999999
MCE,4,random,13.605175999999997
MCE,1,greedy,4.0
MCE,2,greedy,7.841599999999999
MCE,3,greedy,10.7816
MCE,4,greedy,13.605175999999998
MSE,1,random,3.258
MSE,2,random,6.9399999999999995
MSE,1,greedy,3.9999999999999996
MSE,2,greedy,6.9399999999999995
MCE,1,random,3.7605176
MCE,2,random,6.6574632
MCE,3,random,10.099980799999999
MCE,4,random,13.605175999999997
MCE,1,greedy,4.0
MCE,2,greedy,7.841599999999999
MCE,3,greedy,10.7816
MCE,4,greedy,13.605175999999998
MSE,1,random,3.258
MSE,2,random,6.9399999999999995
MSE,1,greedy,3.9999999999999996
MSE,2,greedy,6.9399999999999995
MCE,1,random,3.3717127999999996
MCE,2,random,6.618070399999999
MCE,3,random,10.0573408
MCE,4,random,13.605175999999997
MCE,1,greedy,4.0
MCE,2,greedy,7.841599999999999
MCE,3,greedy,10.7816
MCE,4,greedy,13.605175999999998
MSE,1,random,3.258
MSE,2,random,6.9399999999999995
MSE,1,greedy,3.9999999999999996
MSE,2,greedy,6.9399999999999995
MCE,1,random,3.6270352000000003
MCE,2,random,6.940267999999999
MCE,3,random,10.072498399999999
MCE,4,random,13.605175999999997
MCE,1,greedy,4.0
MCE,2,greedy,7.841599999999999
MCE,3,greedy,10.7816
MCE,4,greedy,13.605175999999998
MSE,1,random,3.4699999999999998
MSE,2,random,6.9399999999999995
MSE,1,greedy,3.9999999999999996
MSE,2,greedy,6.9399999999999995
MCE,1,random,3.3399090559999998
MCE,2,random,6.793350848
MCE,3,random,10.076523584
MCE,4,random,13.51067264
MCE,1,greedy,4.0
MCE,2,greedy,7.68947264
MCE,3,greedy,10.62947264
MCE,4,greedy,13.51067264
MSE,1,random,3.3639999999999994
MSE,2,random,6.9399999999999995
MSE,1,greedy,3.9999999999999996
MSE,2,greedy,6.9399999999999995
MCE,1,random,3.4425175999999995
MCE,2,random,6.492983199999999
MCE,3,random,10.386300799999999
MCE,4,random,13.605175999999997
MCE,1,greedy,4.0
MCE,2,greedy,7.841599999999999
MCE,3,greedy,10.7816
MCE,4,greedy,13.605175999999998
MSE,1,random,3.4699999999999998
MSE,2,random,6.9399999999999995
MSE,1,greedy,3.9999999999999996
MSE,2,greedy,6.9399999999999995
MCE,1,random,3.4735152
MCE,2,random,6.700785599999999
MCE,3,random,10.4806584
MCE,4,random,13.605175999999997
MCE,1,greedy,4.0
MCE,2,greedy,7.841599999999999
MCE,3,greedy,10.7816
MCE,4,greedy,13.605175999999998
MSE,1,random,4.0
MSE,1,greedy,4.0
MCE,1,random,4.0
MCE,1,greedy,4.0
MSE,1,random,4.0
MSE,1,greedy,4.0
MCE,1,random,3.96832
MCE,2,random,7.8416
MCE,1,greedy,4.0
MCE,2,greedy,7.8416
MSE,1,random,4.0
MSE,1,greedy,4.0
MCE,1,random,3.9208
MCE,2,random,7.8416
MCE,1,greedy,4.0
MCE,2,greedy,7.8416
MSE,1,random,4.0
MSE,1,greedy,4.0
MCE,1,random,3.9208
MCE,2,random,7.8416
MCE,1,greedy,4.0
MCE,2,greedy,7.8416
MSE,1,random,4.0
MSE,1,greedy,4.0
MCE,1,random,3.90496
MCE,2,random,7.8416
MCE,1,greedy,4.0
MCE,2,greedy,7.8416
MSE,1,random,4.0
MSE,1,greedy,4.0
MCE,1,random,3.9208
MCE,2,random,7.8416
MCE,1,greedy,4.0
MCE,2,greedy,7.8416
MSE,1,random,4.0
MSE,1,greedy,4.0
MCE,1,random,3.90496
MCE,2,random,7.8416
MCE,1,greedy,4.0
MCE,2,greedy,7.8416
MSE,1,random,4.0
MSE,1,greedy,4.0
MCE,1,random,3.87328
MCE,2,random,7.8416
MCE,1,greedy,4.0
MCE,2,greedy,7.8416
MSE,1,random,4.0
MSE,1,greedy,4.0
MCE,1,random,3.95248
MCE,2,random,7.8416
MCE,1,greedy,4.0
MCE,2,greedy,7.8416
MSE,1,random,4.0
MSE,1,greedy,4.0
MCE,1,random,3.9366399999999997
MCE,2,random,7.8416
MCE,1,greedy,4.0
MCE,2,greedy,7.8416
MSE,1,random,4.0
MSE,1,greedy,4.0
MCE,1,random,3.90496
MCE,2,random,7.8416
MCE,1,greedy,4.0
MCE,2,greedy,7.8416
MSE,1,random,4.0
MSE,1,greedy,4.0
MCE,1,random,3.9366399999999997
MCE,2,random,7.8416
MCE,1,greedy,4.0
MCE,2,greedy,7.8416
MSE,1,random,4.0
MSE,1,greedy,4.0
MCE,1,random,3.95248
MCE,2,random,7.8416
MCE,1,greedy,4.0
MCE,2,greedy,7.8416
MSE,1,random,4.0
MSE,1,greedy,4.0
MCE,1,random,3.87328
MCE,2,random,7.8416
MCE,1,greedy,4.0
MCE,2,greedy,7.8416
MSE,1,random,4.0
MSE,1,greedy,4.0
MCE,1,random,3.9208
MCE,2,random,7.8416
MCE,1,greedy,4.0
MCE,2,greedy,7.8416
MSE,1,random,4.0
MSE,1,greedy,4.0
MCE,1,random,3.96832
MCE,2,random,7.8416
MCE,1,greedy,4.0
MCE,2,greedy,7.8416
MSE,1,random,4.0
MSE,1,greedy,4.0
MCE,1,random,3.9208
MCE,2,random,7.8416
MCE,1,greedy,4.0
MCE,2,greedy,7.8416
MSE,1,random,4.0
MSE,1,greedy,4.0
MCE,1,random,3.9208
MCE,2,random,7.8416
MCE,1,greedy,4.0
MCE,2,greedy,7.8416
MSE,1,random,4.0
MSE,1,greedy,4.0
MCE,1,random,3.90496
MCE,2,random,7.8416
MCE,1,greedy,4.0
MCE,2,greedy,7.8416
MSE,1,random,4.0
MSE,1,greedy,4.0
MCE,1,random,3.8891199999999997
MCE,2,random,7.8416
MCE,1,greedy,4.0
MCE,2,greedy,7.8416
MSE,1,random,4.0
MSE,1,greedy,4.0
MCE,1,random,3.8574399999999995
MCE,2,random,7.8416
MCE,1,greedy,4.0
MCE,2,greedy,7.8416
MSE,1,random,4.0
MSE,1,greedy,4.0
MCE,1,random,3.9208
MCE,2,random,7.8416
MCE,1,greedy,4.0
MCE,2,greedy,7.8416
MSE,1,random,4.0
MSE,1,greedy,4.0
MCE,1,random,3.96832
MCE,2,random,7.8416
MCE,1,greedy,4.0
MCE,2,greedy,7.8416
MSE,1,random,4.0
MSE,1,greedy,4.0
MCE,1,random,3.90496
MCE,2,random,7.8416
MCE,1,greedy,4.0
MCE,2,greedy,7.8416
MSE,1,random,4.0
MSE,1,greedy,4.0
MCE,1,random,3.90496
MCE,2,random,7.8416
MCE,1,greedy,4.0
MCE,2,greedy,7.8416
MSE,1,random,4.0
MSE,1,greedy,4.0
MCE,1,random,3.9208
MCE,2,random,7.8416
MCE,1,greedy,4.0
MCE,2,greedy,7.8416
MSE,1,random,4.0
MSE,1,greedy,4.0
MCE,1,random,3.9208
MCE,2,random,7.8416
MCE,1,greedy,4.0
MCE,2,greedy,7.8416
MSE,1,random,4.0
MSE,1,greedy,4.0
MCE,1,random,3.90496
MCE,2,random,7.8416
MCE,1,greedy,4.0
MCE,2,greedy,7.8416
MSE,1,random,4.0
MSE,1,greedy,4.0
MCE,1,random,3.95248
MCE,2,random,7.8416
MCE,1,greedy,4.0
MCE,2,greedy,7.8416
MSE,1,random,4.0
MSE,1,greedy,4.0
MCE,1,random,3.9208
MCE,2,random,7.8416
MCE,1,greedy,4.0
MCE,2,greedy,7.8416
MSE,1,random,4.0
MSE,1,greedy,4.0
MCE,1,random,3.98416
MCE,2,random,7.8416
MCE,1,greedy,4.0
MCE,2,greedy,7.8416
MSE,1,random,4.0
MSE,1,greedy,4.0
MCE,1,random,3.9366399999999997
MCE,2,random,7.8416
MCE,1,greedy,4.0
MCE,2,greedy,7.8416
MSE,1,random,4.0
MSE,1,greedy,4.0
MCE,1,random,3.8574399999999995
MCE,2,random,7.8416
MCE,1,greedy,4.0
MCE,2,greedy,7.8416
MSE,1,random,4.0
MSE,1,greedy,4.0
MCE,1,random,3.8891199999999997
MCE,2,random,7.8416
MCE,1,greedy,4.0
MCE,2,greedy,7.8416
MSE,1,random,4.0
MSE,1,greedy,4.0
MCE,1,random,3.90496
MCE,2,random,7.8416
MCE,1,greedy,4.0
MCE,2,greedy,7.8416
MSE,1,random,4.0
MSE,1,greedy,4.0
MCE,1,random,3.90496
MCE,2,random,7.8416
MCE,1,greedy,4.0
MCE,2,greedy,7.8416
MSE,1,random,4.0
MSE,1,greedy,4.0
MCE,1,random,3.95248
MCE,2,random,7.8416
MCE,1,greedy,4.0
MCE,2,greedy,7.8416
MSE,1,random,4.0
MSE,1,greedy,4.0
MCE,1,random,3.90496
MCE,2,random,7.8416
MCE,1,greedy,4.0
MCE,2,greedy,7.8416
MSE,1,random,4.0
MSE,1,greedy,4.0
MCE,1,random,3.9366399999999997
MCE,2,random,7.8416
MCE,1,greedy,4.0
MCE,2,greedy,7.8416
MSE,1,random,4.0
MSE,1,greedy,4.0
MCE,1,random,3.9208
MCE,2,random,7.8416
MCE,1,greedy,4.0
MCE,2,greedy,7.8416
MSE,1,random,4.0
MSE,1,greedy,4.0
MCE,1,random,3.95248
MCE,2,random,7.8416
MCE,1,greedy,4.0
MCE,2,greedy,7.8416
MSE,1,random,4.0
MSE,1,greedy,4.0
MCE,1,random,3.8574399999999995
MCE,2,random,7.8416
MCE,1,greedy,4.0
MCE,2,greedy,7.8416
MSE,1,random,4.0
MSE,1,greedy,4.0
MCE,1,random,3.9366399999999997
MCE,2,random,7.8416
MCE,1,greedy,4.0
MCE,2,greedy,7.8416
MSE,1,random,4.0
MSE,1,greedy,4.0
MCE,1,random,3.98416
MCE,2,random,7.8416
MCE,1,greedy,4.0
MCE,2,greedy,7.8416
MSE,1,random,4.0
MSE,1,greedy,4.0
MCE,1,random,3.95248
MCE,2,random,7.8416
MCE,1,greedy,4.0
MCE,2,greedy,7.8416
MSE,1,random,4.0
MSE,1,greedy,4.0
MCE,1,random,3.95248
MCE,2,random,7.8416
MCE,1,greedy,4.0
MCE,2,greedy,7.8416
MSE,1,random,4.0
MSE,1,greedy,4.0
MCE,1,random,3.87328
MCE,2,random,7.8416
MCE,1,greedy,4.0
MCE,2,greedy,7.8416
MSE,1,random,4.0
MSE,1,greedy,4.0
MCE,1,random,3.95248
MCE,2,random,7.8416
MCE,1,greedy,4.0
MCE,2,greedy,7.8416
MSE,1,random,4.0
MSE,1,greedy,4.0
MCE,1,random,3.9366399999999997
MCE,2,random,7.8416
MCE,1,greedy,4.0
MCE,2,greedy,7.8416
MSE,1,random,4.0
MSE,1,greedy,4.0
MCE,1,random,3.8891199999999997
MCE,2,random,7.8416
MCE,1,greedy,4.0
MCE,2,greedy,7.8416
MSE,1,random,4.0
MSE,1,greedy,4.0
MCE,1,random,3.9366399999999997
MCE,2,random,7.8416
MCE,1,greedy,4.0
MCE,2,greedy,7.8416
MSE,1,random,4.0
MSE,1,greedy,4.0
MCE,1,random,3.9208
MCE,2,random,7.8416
MCE,1,greedy,4.0
MCE,2,greedy,7.8416
MSE,1,random,4.0
MSE,1,greedy,4.0
MCE,1,random,3.90496
MCE,2,random,7.8416
MCE,1,greedy,4.0
MCE,2,greedy,7.8416
MSE,1,random,4.0
MSE,1,greedy,4.0
MCE,1,random,3.90496
MCE,2,random,7.8416
MCE,1,greedy,4.0
MCE,2,greedy,7.8416
MSE,1,random,4.0
MSE,1,greedy,4.0
MCE,1,random,3.95248
MCE,2,random,7.8416
MCE,1,greedy,4.0
MCE,2,greedy,7.8416
MSE,1,random,4.0
MSE,1,greedy,4.0
MCE,1,random,3.9366399999999997
MCE,2,random,7.8416
MCE,1,greedy,4.0
MCE,2,greedy,7.8416
MSE,1,random,4.0
MSE,1,greedy,4.0
MCE,1,random,3.95248
MCE,2,random,7.8416
MCE,1,greedy,4.0
MCE,2,greedy,7.8416
MSE,1,random,4.0
MSE,1,greedy,4.0
MCE,1,random,3.96832
MCE,2,random,7.8416
MCE,1,greedy,4.0
MCE,2,greedy,7.8416
MSE,1,random,4.0
MSE,1,greedy,4.0
MCE,1,random,3.95248
MCE,2,random,7.8416
MCE,1,greedy,4.0
MCE,2,greedy,7.8416
MSE,1,random,4.0
MSE,1,greedy,4.0
MCE,1,random,3.8891199999999997
MCE,2,random,7.8416
MCE,1,greedy,4.0
MCE,2,greedy,7.8416
MSE,1,random,4.0
MSE,1,greedy,4.0
MCE,1,random,3.95248
MCE,2,random,7.8416
MCE,1,greedy,4.0
MCE,2,greedy,7.8416
MSE,1,random,4.0
MSE,1,greedy,4.0
MCE,1,random,3.96832
MCE,2,random,7.8416
MCE,1,greedy,4.0
MCE,2,greedy,7.8416
MSE,1,random,4.0
MSE,1,greedy,4.0
MCE,1,random,3.95248
MCE,2,random,7.8416
MCE,1,greedy,4.0
MCE,2,greedy,7.8416
MSE,1,random,4.0
MSE,1,greedy,4.0
MCE,1,random,3.90496
MCE,2,random,7.8416
MCE,1,greedy,4.0
MCE,2,greedy,7.8416
MSE,1,random,4.0
MSE,1,greedy,4.0
MCE,1,random,3.90496
MCE,2,random,7.8416
MCE,1,greedy,4.0
MCE,2,greedy,7.8416
MSE,1,random,4.0
MSE,1,greedy,4.0
MCE,1,random,3.95248
MCE,2,random,7.8416
MCE,1,greedy,4.0
MCE,2,greedy,7.8416
MSE,1,random,4.0
MSE,1,greedy,4.0
MCE,1,random,3.87328
MCE,2,random,7.8416
MCE,1,greedy,4.0
MCE,2,greedy,7.8416
MSE,1,random,4.0
MSE,1,greedy,4.0
MCE,1,random,3.8891199999999997
MCE,2,random,7.8416
MCE,1,greedy,4.0
MCE,2,greedy,7.8416
MSE,1,random,4.0
MSE,1,greedy,4.0
MCE,1,random,3.9366399999999997
MCE,2,random,7.8416
MCE,1,greedy,4.0
MCE,2,greedy,7.8416
MSE,1,random,4.0
MSE,1,greedy,4.0
MCE,1,random,3.8574399999999995
MCE,2,random,7.8416
MCE,1,greedy,4.0
MCE,2,greedy,7.8416
MSE,1,random,4.0
MSE,1,greedy,4.0
MCE,1,random,3.9208
MCE,2,random,7.8416
MCE,1,greedy,4.0
MCE,2,greedy,7.8416
MSE,1,random,4.0
MSE,1,greedy,4.0
MCE,1,random,3.8891199999999997
MCE,2,random,7.8416
MCE,1,greedy,4.0
MCE,2,greedy,7.8416
MSE,1,random,4.0
MSE,1,greedy,4.0
MCE,1,random,3.90496
MCE,2,random,7.8416
MCE,1,greedy,4.0
MCE,2,greedy,7.8416
MSE,1,random,4.0
MSE,1,greedy,4.0
MCE,1,random,3.95248
MCE,2,random,7.8416
MCE,1,greedy,4.0
MCE,2,greedy,7.8416
MSE,1,random,4.0
MSE,1,greedy,4.0
MCE,1,random,3.9366399999999997
MCE,2,random,7.8416
MCE,1,greedy,4.0
MCE,2,greedy,7.8416
MSE,1,random,4.0
MSE,1,greedy,4.0
MCE,1,random,3.9208
MCE,2,random,7.8416
MCE,1,greedy,4.0
MCE,2,greedy,7.8416
MSE,1,random,4.0
MSE,1,greedy,4.0
MCE,1,random,3.95248
MCE,2,random,7.8416
MCE,1,greedy,4.0
MCE,2,greedy,7.8416
MSE,1,random,4.0
MSE,1,greedy,4.0
MCE,1,random,3.9208
MCE,2,random,7.8416
MCE,1,greedy,4.0
MCE,2,greedy,7.8416
MSE,1,random,4.0
MSE,1,greedy,4.0
MCE,1,random,3.90496
MCE,2,random,7.8416
MCE,1,greedy,4.0
MCE,2,greedy,7.8416
MSE,1,random,4.0
MSE,1,greedy,4.0
MCE,1,random,3.95248
MCE,2,random,7.8416
MCE,1,greedy,4.0
MCE,2,greedy,7.8416
MSE,1,random,4.0
MSE,1,greedy,4.0
MCE,1,random,3.9208
MCE,2,random,7.8416
MCE,1,greedy,4.0
MCE,2,greedy,7.8416
MSE,1,random,4.0
MSE,1,greedy,4.0
MCE,1,random,3.9366399999999997
MCE,2,random,7.8416
MCE,1,greedy,4.0
MCE,2,greedy,7.8416
MSE,1,random,4.0
MSE,1,greedy,4.0
MCE,1,random,3.87328
MCE,2,random,7.8416
MCE,1,greedy,4.0
MCE,2,greedy,7.8416
MSE,1,random,4.0
MSE,1,greedy,4.0
MCE,1,random,3.8891199999999997
MCE,2,random,7.8416
MCE,1,greedy,4.0
MCE,2,greedy,7.8416
MSE,1,random,4.0
MSE,1,greedy,4.0
MCE,1,random,3.9208
MCE,2,random,7.8416
MCE,1,greedy,4.0
MCE,2,greedy,7.8416
MSE,1,random,4.0
MSE,1,greedy,4.0
MCE,1,random,3.9366399999999997
MCE,2,random,7.8416
MCE,1,greedy,4.0
MCE,2,greedy,7.8416
MSE,1,random,4.0
MSE,1,greedy,4.0
MCE,1,random,3.8891199999999997
MCE,2,random,7.8416
MCE,1,greedy,4.0
MCE,2,greedy,7.8416
MSE,1,random,4.0
MSE,1,greedy,4.0
MCE,1,random,3.9366399999999997
MCE,2,random,7.8416
MCE,1,greedy,4.0
MCE,2,greedy,7.8416
MSE,1,random,4.0
MSE,1,greedy,4.0
MCE,1,random,3.9208
MCE,2,random,7.8416
MCE,1,greedy,4.0
MCE,2,greedy,7.8416
MSE,1,random,4.0
MSE,1,greedy,4.0
MCE,1,random,3.90496
MCE,2,random,7.8416
MCE,1,greedy,4.0
MCE,2,greedy,7.8416
MSE,1,random,4.0
MSE,1,greedy,4.0
MCE,1,random,3.9208
MCE,2,random,7.8416
MCE,1,greedy,4.0
MCE,2,greedy,7.8416
MSE,1,random,4.0
MSE,1,greedy,4.0
MCE,1,random,3.9208
MCE,2,random,7.8416
MCE,1,greedy,4.0
MCE,2,greedy,7.8416
MSE,1,random,4.0
MSE,1,greedy,4.0
MCE,1,random,3.90496
MCE,2,random,7.8416
MCE,1,greedy,4.0
MCE,2,greedy,7.8416
MSE,1,random,4.0
MSE,1,greedy,4.0
MCE,1,random,3.90496
MCE,2,random,7.8416
MCE,1,greedy,4.0
MCE,2,greedy,7.8416
MSE,1,random,4.0
MSE,1,greedy,4.0
MCE,1,random,3.87328
MCE,2,random,7.8416
MCE,1,greedy,4.0
MCE,2,greedy,7.8416
MSE,1,random,4.0
MSE,1,greedy,4.0
MCE,1,random,3.9366399999999997
MCE,2,random,7.8416
MCE,1,greedy,4.0
MCE,2,greedy,7.8416
MSE,1,random,4.0
MSE,1,greedy,4.0
MCE,1,random,3.9366399999999997
MCE,2,random,7.8416
MCE,1,greedy,4.0
MCE,2,greedy,7.8416
MSE,1,random,4.0
MSE,1,greedy,4.0
MCE,1,random,3.9208
MCE,2,random,7.8416
MCE,1,greedy,4.0
MCE,2,greedy,7.8416
MSE,1,random,4.0
MSE,1,greedy,4.0
MCE,1,random,3.9208
MCE,2,random,7.8416
MCE,1,greedy,4.0
MCE,2,greedy,7.8416
MSE,1,random,4.0
MSE,1,greedy,4.0
MCE,1,random,3.90496
MCE,2,random,7.8416
MCE,1,greedy,4.0
MCE,2,greedy,7.8416
MSE,1,random,4.0
MSE,1,greedy,4.0
MCE,1,random,3.9208
MCE,2,random,7.8416
MCE,1,greedy,4.0
MCE,2,greedy,7.8416
